ImageID,LabelName,XMin,XMax,YMin,YMax,IsGroupOf
179f6966eec24e2a,bottle,0.12536873,0.4321534000000001,0.06637168,0.7278760999999999,0
179f6966eec24e2a,bottle,0.34365782,0.600295,0.0,0.67699116,0
179f6966eec24e2a,bottle,0.4380531,0.9705014999999999,0.13495575,0.99557525,0
eaa812f8291ce366,person,0.22962964,0.92407405,0.09859155,1.0,0
eaa812f8291ce366,person,0.72407407,0.9037037,0.0,0.2535211,0